0,1,2,3,4,5,6,7,8,9,10,11
0.16668814,0.29380435,0.22017543,0.20911908,0.2362804,0.20535396,0.19065504,0.1785056,0.0,0.24780849,0.23134433,0.0
0.24520749,0.1453559,0.18407987,0.24111177,0.2671582,0.14683107,0.19317038,0.15146255,0.17786545,0.13331278,0.13171503,0.27511635
0.0,0.19085115,0.26014593,0.15581194,0.18787329,0.26931703,0.1915011,0.1973929,0.0,0.20628409,0.20499553,0.16394879
0.14107147,0.1432021,0.1432285,0.17924461,0.09309616,0.1203321,0.123746864,0.21624082,0.16178562,0.20637728,0.17915468,0.16030823
0.17025508,0.21983193,0.21702503,0.1559358,0.17562751,0.15876968,0.2247638,0.17422312,0.15964368,0.13732782,0.22178304,0.0
0.16961221,0.118065745,0.0,0.16988805,0.15107566,0.21050727,0.187274,0.19328612,0.0,0.1800007,0.14211854,0.1252687
0.123702265,0.15143982,0.17480335,0.19555967,0.17472747,0.23752221,0.17788114,0.0,0.15035509,0.14747885,0.18634243,0.15546896
0.15811966,0.13971101,0.19870695,0.23082495,0.23552695,0.11720007,0.16815251,0.18991137,0.24979697,0.17288694,0.13302341,0.23896389
0.2491333,0.26306266,0.25211024,0.183584,0.22230367,0.0,0.20599489,0.14344838,0.13664472,0.20399362,0.22958744,0.1150788
0.14638603,0.19052571,0.16347297,0.14845556,0.12565537,0.16593668,0.14712542,0.17665032,0.16955134,0.0,0.18946323,0.15880333
0.24259801,0.16250795,0.1675243,0.17622736,0.18680356,0.16017656,0.21736866,0.22060797,0.16243757,0.16487505,0.16614494,0.24475358
0.19117182,0.20386413,0.15449335,0.17645963,0.16609408,0.20238507,0.19458863,0.20097311,0.24232559,0.21544565,0.20654978,0.19804248
0.17743166,0.19295995,0.0,0.21481605,0.22092652,0.24438372,0.20036292,0.0,0.24813117,0.191518,0.19030413,0.124191694
0.1970802,0.14994203,0.0,0.21520114,0.2355195,0.15158261,0.19877711,0.14704202,0.23719057,0.1399148,0.17355031,0.27303046
0.20927261,0.21937159,0.21099338,0.27164963,0.18911177,0.23200874,0.20072658,0.0,0.0,0.1928349,0.16787612,0.12900876
0.14035112,0.21033247,0.16610388,0.1469481,0.12840132,0.12292885,0.15870573,0.23648517,0.0,0.21869454,0.0,0.18012786
0.16955288,0.17887986,0.17417876,0.0,0.18427445,0.14416605,0.16946544,0.21622773,0.1402736,0.17244536,0.18281616,0.27513105
0.0,0.15962532,0.0,0.12942007,0.15287761,0.21604115,0.18307336,0.14199483,0.18267235,0.0,0.20895192,0.0
0.10864122,0.16728109,0.2211243,0.18098018,0.28142285,0.24339263,0.19193392,0.15476102,0.0,0.2039987,0.19640954,0.19008584
0.3703503,0.0,0.20651144,0.15785529,0.22984439,0.15741552,0.15905985,0.20956194,0.18392143,0.13428038,0.14402951,0.25942165
0.1426427,0.18148226,0.17508553,0.24030118,0.0,0.0,0.20132057,0.12396041,0.0,0.0,0.20566757,0.13917899
0.1631255,0.23294084,0.18271562,0.205422,0.12450676,0.11972965,0.0,0.2105634,0.16692664,0.22550154,0.0,0.15718925
0.22130919,0.16181959,0.0,0.16913114,0.1616886,0.14071693,0.23566225,0.22512381,0.19791009,0.1575459,0.20461582,0.21543217
0.10504225,0.0,0.18026571,0.1574214,0.116611935,0.21155618,0.22051121,0.18714058,0.20880243,0.14074719,0.16592757,0.14980336
0.1500592,0.21867509,0.20295502,0.25186887,0.17543198,0.2118428,0.20329076,0.18556066,0.14933382,0.18035716,0.19168341,0.18135889
0.16714256,0.16492961,0.183791,0.17495139,0.22292715,0.1462826,0.1942902,0.18626814,0.21590292,0.17694779,0.15773308,0.23840421
0.21122567,0.22862135,0.2287807,0.18505208,0.20453247,0.21459746,0.17232561,0.15354085,0.11236258,0.16392441,0.18825535,0.13980328
0.20162438,0.17293897,0.13634893,0.15058234,0.14363192,0.16854106,0.142128,0.1650638,0.15064485,0.0,0.15400544,0.14440589
0.1250881,0.18242736,0.16438653,0.12074233,0.23601355,0.0,0.20377924,0.22864076,0.17585465,0.16183703,0.2167924,0.23645425
0.25597134,0.14351884,0.19484901,0.22791418,0.12857413,0.19010118,0.1952974,0.19203688,0.30701226,0.16602832,0.0,0.17068468
0.21639381,0.2261092,0.0,0.19401328,0.21101777,0.21153083,0.18440722,0.17205812,0.20121548,0.2340077,0.19028571,0.17088401
0.19186857,0.15082215,0.13089906,0.15552221,0.2505777,0.13634597,0.20904909,0.19992477,0.22008538,0.0,0.18312389,0.3051792
0.13235141,0.24408373,0.0,0.15955277,0.1717745,0.29525444,0.21010864,0.0,0.15175766,0.2592874,0.17204247,0.1030108
0.23012528,0.17830415,0.14827159,0.24299873,0.14737973,0.16279635,0.12182602,0.19785598,0.12489417,0.1961981,0.17610288,0.1364281
0.13587946,0.16668615,0.16641879,0.15926431,0.2278851,0.16674416,0.0,0.23374856,0.16808379,0.14302942,0.20122439,0.273877
0.20449266,0.14510572,0.14755514,0.0,0.102476366,0.13843943,0.16534951,0.0,0.24507467,0.15456006,0.18833186,0.12173209
0.0,0.14588943,0.19523792,0.1758143,0.16526175,0.20853746,0.20331778,0.18231416,0.20747304,0.17674448,0.23095228,0.19588198
0.22055206,0.11115835,0.16788906,0.12263186,0.16103522,0.1549461,0.28940696,0.17172717,0.19841078,0.25121978,0.21238258,0.20249647
0.14000243,0.0,0.19810306,0.15500924,0.14057691,0.2019512,0.20833766,0.20404321,0.17360899,0.17733464,0.17055523,0.14674327
0.20695335,0.24903813,0.13227528,0.0,0.21064803,0.17632611,0.0,0.16933104,0.15511255,0.0,0.0,0.27654856
0.21386735,0.1903442,0.18246634,0.16547327,0.21510369,0.20510453,0.15628602,0.0,0.19936791,0.22520006,0.0,0.1598246
0.20060986,0.26719198,0.23513956,0.22008005,0.21848556,0.16424571,0.14862393,0.18800732,0.17713802,0.09898851,0.17900406,0.0
0.19495204,0.17944282,0.15426952,0.17537214,0.2136849,0.23160906,0.16251008,0.15721865,0.2264206,0.12834552,0.21543388,0.1476182
0.1829364,0.14019956,0.23798187,0.17746575,0.1351948,0.15020081,0.21667616,0.13908026,0.16358979,0.26842862,0.23415364,0.18443735
0.13886331,0.10823962,0.17142086,0.17381229,0.18212262,0.18067019,0.16927463,0.19816719,0.14686403,0.21024875,0.12954122,0.21695639
0.23030803,0.26677522,0.19799033,0.22579826,0.24334343,0.18624626,0.18929867,0.14283581,0.15505284,0.14651477,0.10854894,0.2103985
0.10046592,0.19156303,0.13946618,0.2325544,0.15208422,0.19829409,0.15651307,0.2937916,0.18154797,0.20690681,0.25233132,0.2201246
0.26358545,0.22489098,0.20998235,0.12610838,0.1846813,0.16409066,0.2168386,0.18001758,0.23763596,0.15066668,0.17110217,0.13157614
0.1560649,0.1819091,0.22974923,0.1660641,0.21417287,0.24722047,0.16307615,0.17801431,0.24407002,0.17282514,0.19425713,0.1453442
0.17738785,0.16627005,0.21273069,0.17364962,0.17457233,0.20142317,0.21398063,0.2048811,0.21410426,0.22922128,0.19433641,0.17294815
0.20314337,0.185492,0.0,0.13456127,0.14277856,0.17622003,0.14339808,0.14486085,0.15833949,0.187839,0.0,0.17948793
0.25113186,0.17682332,0.17649363,0.19698387,0.20223045,0.17298004,0.16329336,0.19189316,0.15363222,0.18122964,0.17194486,0.0
0.18719308,0.19905174,0.16037497,0.19854048,0.2028091,0.16155697,0.22065349,0.22417359,0.18853457,0.19369696,0.21968669,0.2961914
0.13619015,0.20156498,0.16530077,0.24131183,0.17454782,0.15171042,0.20670958,0.16728821,0.1524306,0.14629924,0.16299014,0.11812635
0.15008695,0.18146789,0.2794454,0.20678778,0.19097638,0.24692814,0.16784407,0.16958871,0.2135924,0.12694219,0.23652114,0.11828759
0.25709888,0.09073975,0.13846855,0.18383273,0.12916094,0.0,0.20493582,0.0,0.20526248,0.2815937,0.18101668,0.23195504
0.13247402,0.0,0.19268656,0.15907669,0.2569885,0.0,0.0,0.11958064,0.20432538,0.13045505,0.20882168,0.21626206
0.25055853,0.19743025,0.19597062,0.1531373,0.20643298,0.1663418,0.17703703,0.16541873,0.14832346,0.0,0.18267398,0.20313096
0.17998439,0.15704466,0.15516272,0.19115418,0.14834385,0.0,0.16711769,0.23092008,0.16245234,0.22414602,0.13744248,0.15709557
0.14090842,0.251384,0.14937735,0.21712245,0.17920849,0.0,0.18735337,0.20251057,0.17715505,0.15283746,0.16463526,0.18437995
0.22616105,0.21973313,0.18126859,0.12874533,0.0,0.0,0.16250394,0.117339894,0.28329688,0.17789862,0.20045553,0.16375808
0.0,0.16732422,0.22478737,0.19865209,0.11637885,0.23338959,0.26987633,0.22600925,0.144399,0.2667403,0.0,0.17997825
0.12232676,0.14291519,0.15106453,0.17194355,0.21213266,0.18638404,0.20639049,0.15545115,0.15506113,0.1583251,0.15307724,0.1906716
0.22782396,0.21634397,0.23679136,0.20026937,0.21495989,0.16973221,0.1548833,0.13205437,0.1674248,0.15358289,0.12785672,0.21689183
0.11948527,0.20046797,0.15844268,0.22320138,0.17046703,0.19340035,0.14839001,0.26544315,0.13866529,0.18615018,0.0,0.21510054
0.20786251,0.16432668,0.15875663,0.18829945,0.0,0.0,0.16906697,0.0,0.22226405,0.16841415,0.20706782,0.14471093
0.23533575,0.21244638,0.16468713,0.13648205,0.18001603,0.27548534,0.15351339,0.15564863,0.21466553,0.10949796,0.20731431,0.0
0.17852408,0.13746896,0.21410051,0.15981507,0.0,0.19094935,0.24135922,0.20389447,0.22833915,0.25759718,0.0,0.15827248
0.13539748,0.0,0.115218185,0.20318921,0.22950272,0.1453511,0.22712244,0.18700306,0.15081322,0.14814086,0.16143265,0.18277101
0.17293234,0.216836,0.29761326,0.21413904,0.17161538,0.1636395,0.15009518,0.1746938,0.17705905,0.1520304,0.1371353,0.28788936
0.0,0.13897566,0.13919841,0.20488915,0.2329064,0.17666674,0.16416618,0.1824409,0.19223042,0.0,0.2091565,0.0
0.19879523,0.19474477,0.1802937,0.19259658,0.17559521,0.15901917,0.17485482,0.20743024,0.14800374,0.16272342,0.17744583,0.14593142
0.11198204,0.16769712,0.13075976,0.104056224,0.18819378,0.1450384,0.29242212,0.17266376,0.18891956,0.0,0.15263392,0.13115418
0.31790528,0.17923583,0.1985889,0.0,0.17737575,0.20503935,0.14662206,0.20570347,0.13328023,0.18316005,0.23680717,0.19854024
0.12155473,0.16120291,0.2805085,0.18410912,0.0,0.1983448,0.16536692,0.2005064,0.24884583,0.21415435,0.18544021,0.16937117
0.10701834,0.2658768,0.13116397,0.26248387,0.25795817,0.15155259,0.0,0.163266,0.19837743,0.16688946,0.13471372,0.0
0.32419977,0.0,0.2112773,0.14325549,0.1419099,0.16241142,0.21816291,0.18283997,0.19788393,0.18482175,0.1881542,0.17355092
0.12845103,0.20833306,0.15881278,0.19407575,0.16545855,0.2487245,0.13905948,0.18613154,0.14380413,0.17461754,0.21336193,0.1570985
0.1257722,0.22083619,0.14682914,0.11775519,0.18018632,0.0,0.23785287,0.17243688,0.14352913,0.16194455,0.14388162,0.14641298
0.2613866,0.19078413,0.27522278,0.23929423,0.1652109,0.0,0.14524902,0.0,0.22863093,0.19042489,0.20446436,0.2154287
0.16280644,0.1469666,0.13027003,0.22717702,0.20546459,0.1674199,0.14934097,0.16207534,0.20578776,0.25314558,0.18929127,0.17268923
0.0,0.0,0.13774194,0.20822863,0.25898123,0.15368783,0.18436183,0.1752853,0.2040258,0.1757956,0.18605551,0.19602695
0.28143433,0.20812128,0.16398062,0.15142818,0.16852741,0.2148714,0.23372374,0.20054485,0.18654935,0.18703522,0.19556862,0.0
0.18067248,0.14080709,0.25706664,0.0,0.0,0.19369487,0.1605826,0.17044139,0.14258815,0.14276533,0.19184977,0.17839453
0.15208288,0.17037229,0.1942266,0.12399727,0.0,0.20682147,0.0,0.19371904,0.14330979,0.20665509,0.1222898,0.14353542
0.21280757,0.16003159,0.25636345,0.1465257,0.15985349,0.16045827,0.21379271,0.208305,0.24663241,0.14710625,0.21374558,0.16161075
0.21386668,0.18080112,0.15015712,0.23588291,0.23371479,0.1916306,0.15831383,0.18979964,0.20761372,0.22035763,0.20625708,0.19410202
0.09168369,0.28046146,0.16490869,0.30897006,0.21051285,0.17968942,0.22769779,0.1468439,0.14600603,0.1814303,0.1548258,0.26019466
0.1833082,0.12534897,0.17189255,0.13299249,0.17996095,0.1453468,0.1767553,0.18826528,0.2511082,0.17618196,0.0,0.17550728
0.25736207,0.19409573,0.0,0.0,0.1250748,0.22716455,0.17529225,0.18417831,0.11644096,0.17938,0.21854298,0.17616113
0.11343012,0.19058634,0.15376754,0.14220306,0.27739742,0.19949691,0.18221518,0.23089562,0.1564429,0.1937648,0.1538305,0.1737874
0.0,0.0,0.2340888,0.16175647,0.0,0.2049422,0.15401088,0.1477348,0.1480014,0.19153684,0.21215697,0.1996406
0.1906042,0.19141197,0.17196988,0.17236157,0.17067163,0.2265215,0.21702647,0.1872725,0.0,0.0,0.20760694,0.16460621
0.11375227,0.24131839,0.14885902,0.2750165,0.25655484,0.0997054,0.22566304,0.16283019,0.1861366,0.14297648,0.20412633,0.22571562
0.23955062,0.11815335,0.20590985,0.13105717,0.14543225,0.15901856,0.1857775,0.1621302,0.20771106,0.19272418,0.1563542,0.17826222
0.1586302,0.19293839,0.19651598,0.22871648,0.12251036,0.22142664,0.14641798,0.22024788,0.16733561,0.23640727,0.17703615,0.16909915
0.14080195,0.22766322,0.19658405,0.12096537,0.0,0.15817004,0.19108236,0.18617833,0.1615495,0.0,0.13756397,0.181692
0.16540556,0.18202047,0.23441559,0.24411052,0.0,0.18121463,0.18501271,0.18393898,0.22655956,0.0,0.19013503,0.23169051
0.19883277,0.17953822,0.2066768,0.21999143,0.21633531,0.20549957,0.16365236,0.17574064,0.230631,0.23444402,0.22419596,0.15951629
0.109454945,0.15164223,0.159351,0.0,0.2575981,0.17253232,0.0,0.19000585,0.16948108,0.14529315,0.0,0.15914454
0.2657573,0.17895648,0.16265628,0.1348911,0.15415086,0.1687804,0.23326805,0.17168297,0.20875081,0.26639095,0.16901852,0.20398279
0.23085873,0.19129056,0.15142745,0.15680866,0.0,0.22491418,0.16618824,0.20356427,0.11413913,0.16225047,0.1924721,0.17508498
0.10328621,0.17926021,0.1339154,0.15820277,0.20366639,0.18785678,0.14869794,0.2174994,0.0,0.14276586,0.0,0.15392381
0.18033075,0.15797368,0.21081455,0.22116998,0.19482534,0.16822645,0.21602859,0.17961375,0.2011973,0.0,0.26458266,0.22836453
0.22734816,0.15998782,0.16823146,0.20281039,0.1937458,0.22956537,0.0,0.24079184,0.23729311,0.16854587,0.0,0.13851431
0.16110854,0.20551373,0.18635774,0.16414873,0.0,0.15939134,0.18284228,0.11731935,0.21772073,0.09190767,0.111020446,0.19333944
0.22627293,0.12691107,0.2824639,0.2106696,0.0,0.0,0.2623826,0.14402899,0.18056776,0.25789705,0.0,0.2176756
0.21276462,0.28146455,0.0,0.15410972,0.19616114,0.2243298,0.15982398,0.21185778,0.13159977,0.24467573,0.17805746,0.17929359
0.24819921,0.17040291,0.16756272,0.15533772,0.15146229,0.0,0.26552364,0.17230648,0.16638735,0.19700882,0.20214686,0.22180669
0.21002981,0.1420322,0.25963908,0.20434949,0.2045222,0.22610444,0.18528758,0.0,0.1746233,0.11490797,0.0,0.17776208
0.18529841,0.2536243,0.1762258,0.24089384,0.18330386,0.21746287,0.1686023,0.2037951,0.20351943,0.1984216,0.18108864,0.16554014
0.20143898,0.071550414,0.1308695,0.14933217,0.23078874,0.0,0.17423744,0.18186787,0.22716995,0.1688499,0.17284723,0.16707723
0.17595233,0.25344676,0.21850036,0.22156487,0.20481534,0.2072913,0.1879355,0.17970832,0.16381688,0.1832213,0.21211445,0.15234748
0.09019254,0.22005458,0.15831375,0.13963307,0.1362188,0.176961,0.12952468,0.23868538,0.17559426,0.24870159,0.19990362,0.22657752
0.19915782,0.1681618,0.18672876,0.10098212,0.16602792,0.1658931,0.0,0.20354141,0.20903648,0.23723929,0.1996887,0.19419548
0.1647644,0.19864686,0.24974748,0.0,0.14868551,0.19188395,0.16349293,0.14523813,0.18871184,0.15222345,0.14509504,0.24272393
0.18107367,0.22264054,0.0,0.24251525,0.24208552,0.17509775,0.20962408,0.0,0.0,0.24229024,0.19447961,0.16517806
0.19906032,0.09258279,0.19542074,0.20881084,0.22659595,0.20956193,0.14033201,0.18862496,0.17481622,0.16962962,0.17520766,0.16569467
0.21816802,0.2349375,0.23375392,0.20711046,0.17028646,0.20101072,0.17141314,0.0,0.16972041,0.16700608,0.19305952,0.14936064
0.14888701,0.0,0.092998624,0.19474886,0.15742986,0.16766363,0.097470455,0.23633419,0.17983465,0.14272252,0.20358065,0.19395834
0.2260283,0.17893805,0.0,0.14015073,0.12704973,0.1372005,0.32894173,0.15774597,0.18971191,0.21157743,0.15233952,0.24694243
0.0,0.17344306,0.2975302,0.15510568,0.21854897,0.26996508,0.13329537,0.161907,0.17668876,0.15705895,0.0,0.17213947
0.18248548,0.13091952,0.18151352,0.21679765,0.2137517,0.17994209,0.22696446,0.2604571,0.21713808,0.19870313,0.22108555,0.18597783
0.18881673,0.09449329,0.0,0.21689776,0.0,0.1268423,0.14752734,0.0,0.24227165,0.15986876,0.15896322,0.0
0.0,0.315538,0.18097228,0.1686863,0.22199787,0.2323589,0.17017356,0.14704813,0.13225421,0.19669287,0.24083778,0.13518217
0.16501543,0.21777916,0.11527689,0.21347304,0.12663391,0.1648023,0.1042087,0.21080738,0.15304662,0.18721004,0.16751747,0.18941957
0.17205475,0.15945838,0.21181414,0.22684877,0.20658956,0.14766793,0.23256892,0.0,0.2111667,0.14150713,0.18989527,0.24812381
0.1960798,0.16944897,0.2091535,0.10955523,0.18337272,0.20658825,0.22257362,0.10190334,0.1710349,0.14372028,0.17779179,0.2026378
0.20885275,0.23783691,0.1697467,0.15769814,0.15767547,0.1869625,0.24388905,0.22835046,0.18786642,0.0,0.22004566,0.16611299
0.13570616,0.07966994,0.18553777,0.21088007,0.0,0.14439355,0.0,0.21148707,0.26883125,0.18593678,0.15345676,0.17311925
0.19139555,0.26345026,0.20235696,0.19679582,0.1871807,0.24407053,0.18115498,0.1050252,0.10677319,0.0,0.18564007,0.15452616
0.20702223,0.20124666,0.13250208,0.0,0.14637788,0.18142839,0.098301224,0.24697384,0.16543868,0.22519803,0.18428169,0.16659114
0.18439856,0.15553647,0.17805173,0.13412485,0.170258,0.15011166,0.2901407,0.21394531,0.20433716,0.22946031,0.19818097,0.17986606
0.15202165,0.0,0.18782282,0.14068142,0.16057512,0.2777411,0.12716562,0.132689,0.19171287,0.12836285,0.17406026,0.0
0.21966498,0.18068129,0.14605321,0.21896742,0.21320939,0.16374455,0.3053238,0.18841034,0.20056668,0.22371368,0.21467008,0.14354011
0.18959644,0.12620868,0.19997126,0.18330331,0.21045722,0.1426424,0.13048062,0.18855047,0.21332043,0.0,0.0,0.15411192
0.19449507,0.24199267,0.23449542,0.17065045,0.0,0.22017528,0.15373573,0.14883365,0.14602847,0.18069577,0.23891777,0.22040255
0.17093442,0.2034333,0.16471666,0.26338366,0.18919368,0.15669626,0.1042646,0.23868226,0.15514559,0.16194192,0.14881228,0.19413258
0.13381837,0.2654111,0.20739363,0.16246717,0.17624624,0.16684757,0.23781778,0.17125657,0.14286126,0.21845351,0.18690173,0.1393134
0.17660218,0.13034081,0.15691406,0.0,0.17223494,0.15019307,0.19629858,0.1449557,0.19509882,0.15375926,0.0,0.20414138
0.19073528,0.0,0.24309671,0.16123943,0.19601817,0.3223182,0.28484,0.26985803,0.18386686,0.2539624,0.1845515,0.15362892
0.2033518,0.09692786,0.17161609,0.1860726,0.17558736,0.11956792,0.16493852,0.13508743,0.23945434,0.15468888,0.18012564,0.18713707
0.25014928,0.13870743,0.1684195,0.18966888,0.0,0.15445437,0.12364539,0.1805123,0.0,0.1969532,0.21105674,0.22395559
0.15645432,0.23270974,0.1636712,0.18762934,0.20867822,0.19773014,0.10357094,0.20944121,0.16667429,0.13329385,0.14988005,0.20293485
0.2252959,0.1751397,0.22705905,0.16124149,0.16483776,0.19574067,0.18836693,0.23989327,0.13882834,0.2948945,0.20921329,0.2518845
0.15281163,0.23137012,0.0,0.13199046,0.1855792,0.19795543,0.15725526,0.09979766,0.24088846,0.20596689,0.19742598,0.10922106
0.0,0.19199213,0.18874224,0.20042226,0.16565259,0.13918743,0.14327072,0.18882303,0.14429843,0.15674432,0.0,0.30264536
0.1748126,0.13877036,0.20270178,0.20102464,0.0,0.19979052,0.0,0.16560693,0.0,0.1550901,0.24904667,0.18432966
0.25187397,0.2405709,0.15765783,0.0,0.18539822,0.24738307,0.17237498,0.16627732,0.14518285,0.15288259,0.17126216,0.12069091
0.13888153,0.13326797,0.0,0.18486269,0.21077853,0.13105409,0.23888434,0.25071293,0.25235197,0.14553271,0.12223079,0.14233983
0.1485509,0.19364546,0.20405345,0.15279336,0.12827888,0.0,0.25743246,0.26186594,0.19253214,0.0,0.18633017,0.2099175
0.13484117,0.2844506,0.0,0.13892353,0.22243348,0.1632478,0.0,0.14365059,0.17092893,0.0,0.21611314,0.095089614
0.18161896,0.1561553,0.08526529,0.18138988,0.20877813,0.0,0.14434575,0.14808428,0.17372869,0.21116307,0.18901023,0.29145253
0.0,0.13487756,0.27715895,0.18532135,0.25232792,0.1991076,0.0,0.15636759,0.15964834,0.15570574,0.20228104,0.16778205
0.23336086,0.0,0.18220228,0.1751685,0.15362993,0.2937973,0.17100778,0.19967236,0.18126196,0.13627476,0.19087063,0.13347277
0.20005056,0.130409,0.19394253,0.0,0.0,0.11399845,0.19993325,0.2014705,0.0,0.17588936,0.12650597,0.2133967
0.2191406,0.13610934,0.17609064,0.19439004,0.19359678,0.17416614,0.2020599,0.21357523,0.16379964,0.22315359,0.18478198,0.14452021
0.1408253,0.2902407,0.20128095,0.0,0.1911239,0.18039797,0.19154595,0.13884787,0.20676307,0.2393883,0.2245855,0.1439405
0.24000378,0.16995542,0.14544839,0.19317509,0.20798515,0.0,0.12512882,0.15507023,0.1926058,0.13950537,0.14531794,0.0
0.20830017,0.13991986,0.20383707,0.19332182,0.23286061,0.17209978,0.0,0.0,0.194454,0.18534768,0.18072762,0.1912708
0.0,0.29090524,0.18875617,0.1617148,0.15095286,0.24057421,0.18045297,0.21978863,0.14621165,0.1679228,0.21914248,0.20762154
0.17498542,0.083980665,0.19569787,0.21701829,0.13459183,0.16324712,0.18343112,0.0,0.207277,0.15579343,0.15655558,0.1956287
0.0,0.16739792,0.20700203,0.14709625,0.17832005,0.1599775,0.17661579,0.18103494,0.17775959,0.21299922,0.12835085,0.2340328
0.15941249,0.29706454,0.16568193,0.1884957,0.19194593,0.15309332,0.21142857,0.1349226,0.195517,0.2042567,0.23191947,0.109433256
0.16655812,0.13636772,0.14393814,0.15659197,0.16497964,0.1346629,0.19287968,0.0,0.0,0.20786768,0.117501125,0.22972135
0.23783402,0.15548742,0.17114957,0.0,0.25039777,0.2770344,0.179678,0.15902986,0.0,0.0,0.22081603,0.17232324
0.17578053,0.25624922,0.15102454,0.14697403,0.0,0.18958129,0.1803046,0.17270465,0.16224219,0.15013464,0.0,0.14582732
0.0,0.098544486,0.0,0.23481674,0.16337854,0.19676176,0.17020454,0.20390601,0.21349655,0.1439865,0.14865328,0.21977328
0.0,0.13982235,0.18051578,0.0,0.17113009,0.13916601,0.20819908,0.2014486,0.19867203,0.24148421,0.15533778,0.21883532
0.17253272,0.3734776,0.157556,0.13136072,0.2001181,0.14636143,0.15082955,0.13273701,0.13722283,0.21332602,0.22609013,0.10546927
0.20810834,0.16405722,0.0,0.17084813,0.18976428,0.16608825,0.1456283,0.17557402,0.19017164,0.19616295,0.0,0.26157057
0.16389006,0.1546104,0.19732209,0.16759467,0.2796973,0.20731874,0.19641033,0.19365513,0.21834955,0.15730494,0.15713222,0.17865857
0.18294013,0.15827076,0.15782127,0.16865997,0.15143035,0.2715679,0.15546769,0.17478947,0.1539754,0.0,0.18336694,0.16807984
0.23771688,0.12087286,0.2660899,0.28373194,0.11897113,0.18060884,0.25457612,0.232907,0.21271974,0.16885005,0.18869093,0.17849754
0.17055546,0.14427316,0.14397587,0.15695535,0.18876356,0.13114636,0.20999382,0.20856671,0.1680563,0.22960068,0.0,0.18028773
0.18299766,0.30117565,0.22400679,0.18629594,0.21637952,0.24651383,0.16769476,0.0996505,0.20227152,0.23628491,0.0,0.0
0.15144448,0.15762605,0.13880378,0.183763,0.19090226,0.1868748,0.18764062,0.20904917,0.14013311,0.17733185,0.15622592,0.0
0.0,0.16694176,0.17169276,0.19356538,0.23975706,0.17456302,0.1447729,0.18439671,0.0,0.15264983,0.20937802,0.15911548
0.23112887,0.25909072,0.0,0.21430737,0.17378873,0.20899394,0.0,0.0,0.20229477,0.19663401,0.21918963,0.20487255
0.13879505,0.082003914,0.21828723,0.17622414,0.101519994,0.16301923,0.22118206,0.19964601,0.21953316,0.11860986,0.1677267,0.14395882
0.19133674,0.0,0.1836368,0.27517763,0.0,0.14425704,0.266683,0.0,0.19192095,0.0,0.12911212,0.18744496
0.21842735,0.25129932,0.24190111,0.0,0.15815085,0.18511312,0.1807016,0.16308792,0.16287486,0.15555884,0.0,0.0
0.13262491,0.16776584,0.22277986,0.17682488,0.20353974,0.16835366,0.17029567,0.2026925,0.23552041,0.16014801,0.13602309,0.17102514
0.18480964,0.13168609,0.1004579,0.21937352,0.14712586,0.15221877,0.1763199,0.21577218,0.15211505,0.20033278,0.21156333,0.0
0.16158679,0.21170369,0.16022182,0.0,0.23891786,0.21513224,0.12916878,0.21504262,0.21299505,0.13842261,0.26341048,0.17352632
0.22232574,0.0,0.20211375,0.18599443,0.1300455,0.24603637,0.18794216,0.12693518,0.15568478,0.25999472,0.18990518,0.20779204
0.13489221,0.20900117,0.22257389,0.24560526,0.18504246,0.11920142,0.18092448,0.18043262,0.22913243,0.19568436,0.0,0.18999724
0.18083973,0.20686524,0.20762895,0.0,0.17062135,0.2395852,0.0,0.18405822,0.20534654,0.14950953,0.17565092,0.21678661
0.16346236,0.0,0.20378844,0.15565087,0.2249566,0.2083159,0.26304972,0.20956312,0.17977588,0.1327458,0.15562397,0.14435852
0.23969728,0.17237233,0.12672675,0.26554188,0.26532847,0.17283435,0.13521025,0.23536178,0.15312436,0.23822443,0.1843143,0.12994428
0.13207763,0.17482209,0.13970152,0.11254005,0.17211841,0.13859212,0.13705155,0.15453443,0.18856256,0.15141745,0.21432959,0.0
0.2601419,0.22174709,0.21069159,0.1733876,0.093043946,0.23258217,0.16639212,0.0,0.15516943,0.0,0.19180231,0.21171162
0.0,0.1394334,0.17188652,0.19581944,0.0,0.16276355,0.16993107,0.2018954,0.22895418,0.0,0.15132792,0.20929927
0.19328718,0.22717673,0.0,0.17719275,0.15174475,0.16601077,0.16224338,0.14544888,0.14628774,0.15454125,0.20995744,0.20905961
0.0,0.13309285,0.0,0.19411153,0.16666158,0.17662863,0.2693277,0.2497137,0.0,0.19148847,0.14614633,0.13975035
0.18119277,0.2032181,0.14695534,0.20066953,0.27290812,0.21854237,0.0,0.15111376,0.18102406,0.18989152,0.17519741,0.14991193
0.18554667,0.21491978,0.13394034,0.16358027,0.18131064,0.17795245,0.16855903,0.18738958,0.2610795,0.14830288,0.2332657,0.20595434
0.23461545,0.19327033,0.21498094,0.1797377,0.12743464,0.2092133,0.13175766,0.1755498,0.0,0.23349248,0.19521634,0.19713566
0.16704124,0.18610325,0.19143702,0.18834217,0.22627437,0.12565336,0.2254976,0.13302286,0.22882259,0.20012,0.18540908,0.0
0.0,0.20017916,0.17181836,0.12647325,0.0,0.1937005,0.2004213,0.15886346,0.16130528,0.0,0.19349518,0.25198522
0.18896429,0.13025044,0.20446283,0.281042,0.15266354,0.15155374,0.20076132,0.25305963,0.17458361,0.18453594,0.12402413,0.16176227
0.23069431,0.21517226,0.15631132,0.21786064,0.23627724,0.20135999,0.16901577,0.2013064,0.17189537,0.1444925,0.17811525,0.17094983
0.183975,0.22247688,0.12523268,0.107119545,0.20272215,0.21844853,0.14549486,0.2393386,0.17886041,0.113865025,0.22595735,0.18063803
0.16570666,0.15692912,0.26184893,0.19027351,0.09151586,0.22039506,0.16992027,0.12552021,0.19564396,0.0,0.20411023,0.15642099
0.1630195,0.24534607,0.15158242,0.22782816,0.22269723,0.17249142,0.13944487,0.0,0.14756297,0.0,0.17518142,0.0
0.17802314,0.20485908,0.18952794,0.12489996,0.16618913,0.22879632,0.27153847,0.1773311,0.0,0.14619713,0.15473358,0.16424003
0.21864001,0.0,0.12453961,0.22090067,0.16375674,0.17169157,0.23391055,0.1768038,0.16884784,0.13440734,0.16232005,0.15142106
0.20989013,0.13624026,0.15657473,0.21282382,0.24770744,0.153375,0.17486861,0.23316804,0.1315559,0.20077965,0.18867606,0.0
0.18184815,0.17822343,0.0,0.11821862,0.18314771,0.14505008,0.17039077,0.20259584,0.26535213,0.1225568,0.0,0.19967943
0.15969017,0.22831078,0.3476496,0.0,0.12761295,0.23970683,0.12095793,0.13342339,0.0,0.2823567,0.2116926,0.21308023
0.16176666,0.16240767,0.1661194,0.1630436,0.0,0.0,0.0,0.1783864,0.18237503,0.22197838,0.18418969,0.21119796
0.20363365,0.15916674,0.0,0.14448676,0.14217949,0.20627284,0.17984456,0.19807155,0.20685786,0.15107864,0.1856261,0.2189613
0.0,0.25034726,0.2886644,0.2289308,0.15396242,0.17970888,0.22849219,0.22322722,0.12579414,0.19074091,0.0,0.10831589
0.19381094,0.0,0.1303043,0.20242089,0.20122907,0.1950962,0.23354241,0.16333793,0.18730265,0.1754291,0.18339103,0.16347271
0.14393587,0.17023428,0.17406468,0.15618591,0.2396964,0.15953697,0.1521523,0.19947638,0.23337598,0.108153306,0.21247925,0.21908805
0.22741148,0.19368361,0.16807297,0.0,0.16649862,0.19516131,0.0,0.1486116,0.17540543,0.2637308,0.18551266,0.19007525
0.23248853,0.19546703,0.18278095,0.20666006,0.192359,0.24913302,0.19360672,0.24604423,0.11962433,0.0,0.15220983,0.0
0.1154127,0.2629911,0.15731929,0.2124935,0.22630411,0.16650246,0.20672855,0.2618311,0.17181002,0.0,0.12800871,0.20216611
0.19653268,0.14569527,0.20665543,0.12907313,0.12942667,0.18670657,0.21320821,0.11603236,0.3284738,0.16774726,0.24730481,0.16400644
0.22141014,0.0,0.23263592,0.20166369,0.24936521,0.17851545,0.16920225,0.1388897,0.22398333,0.15721539,0.0,0.0
0.12152898,0.2049542,0.1524592,0.20001528,0.17068948,0.0,0.16429704,0.18252368,0.15906397,0.20145391,0.20042199,0.17052235
0.22373812,0.1628957,0.0,0.16120555,0.14296664,0.17975551,0.16406833,0.16579007,0.1081557,0.20986955,0.17836653,0.20128639
0.3014051,0.14686708,0.21287207,0.2090909,0.17617804,0.18352035,0.21939658,0.0,0.1615088,0.11381922,0.15800866,0.0
0.19273746,0.26227275,0.109086186,0.18470359,0.16012068,0.0,0.19551496,0.0,0.17935316,0.1628835,0.16455449,0.1910466
0.15108342,0.17484954,0.22298339,0.21165651,0.15264809,0.15226781,0.14204925,0.10777363,0.18904452,0.0,0.20471719,0.16784197
0.19326617,0.11826649,0.2707936,0.17884749,0.2971737,0.31363916,0.20566769,0.12380528,0.22301526,0.22140688,0.16823646,0.14901648
0.15179782,0.22277123,0.0,0.15620317,0.15432727,0.17151067,0.20090665,0.22377911,0.18381226,0.19130892,0.22711048,0.21862572
0.12082116,0.0,0.0,0.17060941,0.1706634,0.13430229,0.14757602,0.20817605,0.17437708,0.24750684,0.18848377,0.18186073
0.229549,0.16142909,0.19212008,0.0,0.18947114,0.21876548,0.21666124,0.19507024,0.225513,0.16292252,0.1193606,0.24020904
0.1507087,0.27600926,0.1791418,0.20848008,0.16556236,0.17244777,0.20419994,0.23577133,0.16391161,0.22872184,0.1840801,0.17871891
0.19245821,0.12986605,0.0,0.0,0.0,0.12458559,0.18633294,0.0,0.18391299,0.13625802,0.20598081,0.1677584
0.0,0.14988004,0.18958452,0.0,0.276783,0.0,0.1605953,0.13901915,0.2180135,0.16809781,0.0,0.15621802
0.14197221,0.24877913,0.19951746,0.23685369,0.14488949,0.15679632,0.16722558,0.24912268,0.0,0.12452589,0.20826545,0.16806628
0.19646563,0.14514765,0.15908276,0.13939445,0.1452583,0.14139321,0.17609625,0.17411926,0.1575995,0.29058504,0.19061637,0.20014055
0.26340088,0.17900339,0.2047653,0.19091074,0.17746256,0.23421368,0.2181619,0.20113187,0.12586613,0.14991803,0.13993275,0.0
0.10004108,0.22648062,0.11690438,0.13060321,0.14441599,0.19489479,0.15827349,0.19560625,0.1776353,0.17006171,0.18347594,0.20444742
0.20395951,0.14296255,0.3145167,0.23858742,0.16775694,0.17147812,0.15800984,0.18429966,0.14801018,0.18389697,0.0,0.14158401
0.21606328,0.1459576,0.0,0.14753923,0.28649995,0.18363066,0.17430206,0.1681409,0.2809795,0.25589803,0.23301066,0.16229783
0.099286824,0.2150788,0.10958253,0.1973536,0.13122304,0.16726124,0.19971994,0.0,0.16895598,0.13158369,0.17381239,0.17589393
0.2283596,0.20162825,0.0,0.20611693,0.20375264,0.15963267,0.20264393,0.16558331,0.2096641,0.21975273,0.19897029,0.18333356
0.0,0.15337238,0.2029928,0.18315445,0.18693139,0.19196208,0.19924545,0.0,0.20921105,0.13247819,0.13534886,0.16257487
0.1693148,0.20944126,0.15967372,0.18826266,0.0,0.18259567,0.0,0.28406554,0.1745935,0.19884256,0.19309658,0.14054437
0.175254,0.2018528,0.18639094,0.0,0.17359756,0.15952492,0.15832387,0.0,0.21752268,0.17809412,0.0,0.0
0.14056677,0.09908903,0.27923763,0.20182203,0.27023518,0.23068646,0.1795644,0.13516209,0.2052865,0.19210745,0.0,0.15491767
0.17867316,0.24779727,0.14137287,0.18140738,0.19814342,0.17168629,0.23381883,0.20482343,0.11705527,0.1954611,0.25459912,0.2322618
0.1725437,0.19955847,0.14144321,0.15688622,0.109206855,0.0,0.15393195,0.15290304,0.18744214,0.21412787,0.16642298,0.23222178
0.22497948,0.12425189,0.2210558,0.18039821,0.0,0.17997006,0.15413333,0.1721461,0.17054348,0.2036496,0.16328189,0.1932636
0.12683964,0.34439388,0.0,0.16649254,0.13396312,0.0,0.1348857,0.18803307,0.19319761,0.13266331,0.14063022,0.15782098
0.23070909,0.118867755,0.15641825,0.0,0.21107914,0.19781193,0.14689784,0.14625861,0.225498,0.16239652,0.22170644,0.17987995
0.1496889,0.14518093,0.0,0.0,0.16991995,0.25978562,0.27292454,0.20695291,0.2081824,0.22765121,0.14889067,0.0
0.1858758,0.19291197,0.2083336,0.0,0.15688309,0.14460929,0.2320588,0.2239266,0.0,0.15846364,0.2073472,0.21629776
0.19301824,0.0,0.25299588,0.2351797,0.24639726,0.19464242,0.17021102,0.17379382,0.15859571,0.22628686,0.2292548,0.21444397
0.12015904,0.21055457,0.15573078,0.12577239,0.1916242,0.17920804,0.2132644,0.1635622,0.17089102,0.13838682,0.22832923,0.1364742
0.21698909,0.1547356,0.18527843,0.17509662,0.17436416,0.17877007,0.15273163,0.1984969,0.15862697,0.18894567,0.20961426,0.21551856
0.23594423,0.16019818,0.0,0.18931298,0.18920039,0.11954116,0.21006379,0.1700201,0.1973345,0.19003557,0.0,0.16943966
0.15307468,0.31233317,0.1496088,0.20811784,0.1550543,0.19561435,0.18365586,0.16804074,0.16252877,0.25811863,0.180032,0.14977123
0.19225454,0.17550544,0.19885512,0.18614331,0.0,0.0,0.13065827,0.22138953,0.23010455,0.14068438,0.18258364,0.24180017
0.19268966,0.0,0.15892936,0.22666793,0.1874617,0.2378404,0.22073728,0.18960166,0.0,0.19494006,0.0,0.19810738
0.13831894,0.17540039,0.16280165,0.13019297,0.0,0.2053487,0.26768857,0.14503065,0.1727598,0.21382071,0.2023057,0.0
0.34502968,0.12868376,0.17373298,0.15899087,0.16432671,0.18542786,0.16175559,0.24916996,0.1876101,0.12913658,0.181731,0.21644354
0.11498741,0.13856654,0.21737808,0.0,0.17536634,0.14390557,0.18227778,0.2072766,0.1664891,0.18597937,0.1928818,0.19517025
0.100147426,0.0,0.17556366,0.23325391,0.17272426,0.18596818,0.17480902,0.13654582,0.18001147,0.21760121,0.19220981,0.11925913
0.26179966,0.13214263,0.17937022,0.18507157,0.0,0.17143703,0.18079342,0.20923072,0.23249666,0.12735026,0.1820605,0.26281336
0.15082811,0.18044601,0.0,0.2211002,0.22196126,0.21902387,0.14378679,0.16385736,0.17174402,0.23722295,0.15992242,0.19066748
0.16064888,0.17079793,0.16051707,0.17874317,0.23947786,0.14027706,0.26494157,0.1262938,0.21809074,0.142268,0.21422243,0.10226227
0.21387765,0.14474875,0.19593221,0.1694977,0.11674163,0.22387867,0.1641805,0.25102028,0.18076308,0.16301426,0.16231419,0.20606498
0.18213563,0.16449432,0.0,0.19823955,0.22319488,0.1490775,0.23263165,0.17382318,0.17209747,0.0,0.22211272,0.0
0.15554574,0.25455424,0.0,0.18964954,0.1642803,0.16337982,0.19471607,0.13725328,0.12796576,0.21249756,0.1778056,0.12441348
0.19399449,0.16580279,0.18078291,0.16927265,0.17345944,0.21703136,0.12061563,0.21340054,0.26596195,0.19889797,0.19873387,0.28170162
0.20490879,0.0,0.20279461,0.2057086,0.19395696,0.2174668,0.13402581,0.20932013,0.1462322,0.16031943,0.13592224,0.20780958
0.16793305,0.19885996,0.18149829,0.16775648,0.22295655,0.18537092,0.21086188,0.15119198,0.16570485,0.14988346,0.18825488,0.12249264
0.2820279,0.16768777,0.19258614,0.0,0.14647676,0.18485029,0.18160503,0.22408882,0.15907739,0.1892798,0.20830128,0.18949978
0.1532233,0.13477254,0.2173281,0.21585396,0.1924039,0.12401538,0.23817214,0.19179033,0.20445716,0.1725679,0.16174798,0.16896327
0.14207053,0.2330348,0.17959112,0.20114943,0.18530874,0.16984285,0.1624708,0.0,0.0,0.20764221,0.20865685,0.10080118
0.20695324,0.0,0.18141326,0.0,0.201092,0.19014789,0.0,0.20997386,0.2372448,0.17831576,0.17176074,0.3033341
0.15890323,0.0,0.15869427,0.0,0.1628732,0.25688386,0.17610437,0.19636485,0.16567712,0.21342209,0.17238948,0.22602016
0.21496138,0.15876848,0.0,0.15064849,0.23072039,0.25969866,0.23725004,0.14608149,0.22576724,0.23912938,0.18085636,0.11189492
0.26061368,0.15905848,0.15123923,0.15597336,0.15437144,0.106530644,0.19000041,0.2295127,0.18844488,0.0,0.2253718,0.17014845
0.18312265,0.19734165,0.21532558,0.0,0.20326556,0.17941834,0.15394922,0.23922132,0.16480836,0.18902741,0.19089592,0.21210986
0.0,0.29226086,0.20980005,0.21380562,0.15269944,0.2407244,0.15551054,0.15463993,0.15865137,0.23038957,0.2023559,0.12566812
0.24557854,0.13477924,0.17950258,0.20974638,0.16135368,0.10953583,0.21026725,0.19415651,0.0,0.12450236,0.0,0.30181488
0.11451755,0.16890253,0.16828762,0.20151384,0.20870072,0.0,0.16413377,0.14749923,0.15386525,0.20484021,0.17032705,0.0
0.123958394,0.18267626,0.23808455,0.0,0.26021504,0.19824615,0.18104924,0.17927516,0.22711784,0.19369301,0.25501725,0.13139711
0.33644983,0.1559568,0.14635387,0.2094171,0.13310802,0.18231632,0.19732332,0.2617587,0.16287525,0.23862484,0.1860815,0.16291778
0.14022033,0.10703233,0.18987887,0.18260051,0.20185885,0.16604596,0.21953052,0.1660611,0.17174752,0.1566949,0.14951143,0.18747246
0.11319627,0.33915952,0.15662692,0.21963127,0.17301126,0.20003918,0.18654653,0.1319247,0.17977335,0.19570357,0.21512578,0.14484215
0.22053069,0.17210843,0.19426624,0.19192512,0.16960406,0.14666413,0.1462525,0.20046966,0.23390602,0.14496021,0.15912123,0.2451831
0.17675574,0.15417787,0.18590075,0.18562643,0.17331396,0.21779943,0.0,0.17162193,0.13569108,0.18143454,0.14625403,0.23929864
0.24333659,0.17104292,0.18497282,0.0,0.09125764,0.22818433,0.20764458,0.20538417,0.2606169,0.18417774,0.19151561,0.16862848
0.27697423,0.16298561,0.16170456,0.18808584,0.14223276,0.17874381,0.120058596,0.17875285,0.14447998,0.21171562,0.22727445,0.20875669
0.0,0.2105903,0.21809836,0.18885978,0.33019707,0.22403304,0.32872942,0.20792092,0.1922852,0.22266333,0.14277448,0.20863943
0.12805192,0.22567864,0.16858178,0.20409322,0.19335394,0.20248885,0.0,0.0,0.1554932,0.13638644,0.17033501,0.1344132
0.18297505,0.1531517,0.14027643,0.19018152,0.19510184,0.14010939,0.11800143,0.19804361,0.15492469,0.2379349,0.21290407,0.19172658
0.0,0.187662,0.23747726,0.21425793,0.15896788,0.13755177,0.18736269,0.0,0.20331119,0.11823304,0.16630757,0.19894682
0.22801107,0.23176992,0.13556057,0.16699438,0.15518305,0.25320917,0.17436367,0.17969324,0.24296217,0.21416117,0.21763784,0.17212985
0.1960164,0.14612731,0.17933199,0.18284234,0.0,0.18646954,0.13447754,0.17651676,0.16552347,0.17536192,0.219123,0.16430137
0.14783524,0.18560682,0.2393949,0.14754651,0.2616957,0.166882,0.17729111,0.21599665,0.16333495,0.18346824,0.114053875,0.16811173
0.0,0.19886395,0.24042511,0.14981204,0.160457,0.1479475,0.1649869,0.14460136,0.13310145,0.1620411,0.17119151,0.20926814
0.15662809,0.16250378,0.17712215,0.19718674,0.18321846,0.14840266,0.19666013,0.20189609,0.1300734,0.0,0.22006452,0.20560773
0.1761956,0.18623936,0.13927642,0.26672918,0.19865516,0.20820034,0.2633318,0.19240704,0.27611578,0.18525694,0.16904043,0.1916923
0.16243513,0.23409109,0.15554361,0.17787163,0.1560204,0.21659422,0.145816,0.1741702,0.2690642,0.20954625,0.24232453,0.17471662
0.26907954,0.16445899,0.12192837,0.15773821,0.110888414,0.1528958,0.16057444,0.18305165,0.14565568,0.18465719,0.0,0.26501262
0.1428095,0.15761237,0.27034983,0.19352323,0.33447465,0.25635523,0.0,0.17441027,0.19107231,0.18903548,0.11133154,0.16721414
0.16054842,0.16724655,0.23388608,0.20440403,0.14925104,0.20864373,0.18473448,0.14858398,0.1775928,0.204124,0.20878844,0.11747511
0.234035,0.20215322,0.17144674,0.20246467,0.17824656,0.10740416,0.16085301,0.20807216,0.15447251,0.14764734,0.18822068,0.0
0.14220361,0.18554895,0.15795656,0.17510945,0.1822301,0.16921812,0.27002782,0.2228229,0.17325366,0.17610087,0.15072477,0.19347653
0.159167,0.25837776,0.11791681,0.13917744,0.0,0.24674593,0.1751018,0.23117764,0.25047725,0.20957047,0.19752547,0.15319169
0.22485858,0.14601329,0.1550109,0.14269859,0.17308983,0.14720938,0.14690542,0.13650528,0.0,0.0,0.24255271,0.22118138
0.0,0.20241995,0.18341489,0.20104158,0.24275674,0.18047324,0.21063764,0.12591301,0.17524357,0.21637122,0.13211353,0.20230027
0.1657405,0.19741562,0.30896643,0.2525831,0.17287242,0.22488627,0.16186981,0.20100078,0.14392051,0.1642974,0.14259113,0.15502109
0.0,0.1754315,0.14827475,0.20249762,0.2259548,0.106344305,0.16587295,0.14056426,0.0,0.19671127,0.23944677,0.18235509
0.14937207,0.13145302,0.19752736,0.17311282,0.15448818,0.2054521,0.2507235,0.2759501,0.20341994,0.14269367,0.1568816,0.0
0.21919762,0.0,0.1366334,0.14147292,0.20145077,0.24433236,0.20698543,0.17013481,0.2458823,0.2191092,0.2350322,0.16980414
0.21052217,0.15374939,0.17997214,0.16967037,0.0,0.16610502,0.14165272,0.0,0.13514166,0.21308163,0.25143358,0.19169058
0.17590354,0.18333593,0.17267595,0.14498372,0.31135163,0.16369404,0.15822615,0.173837,0.19542688,0.19586201,0.11266154,0.0
0.18995379,0.15930447,0.26787466,0.15825397,0.17541154,0.22592908,0.13403532,0.15596688,0.14841016,0.1394557,0.13631164,0.1906632
0.1622007,0.28070778,0.0,0.21688633,0.1323686,0.13242704,0.0,0.0,0.17057987,0.1949967,0.24149652,0.0
0.15333344,0.13807063,0.19628581,0.0,0.12688136,0.17862357,0.20301494,0.2023726,0.21567047,0.14860581,0.13417572,0.14787006
0.14264397,0.16469187,0.14108148,0.21149452,0.1608733,0.19904217,0.25186935,0.15587328,0.24705946,0.24015146,0.26879382,0.15683496
0.3077727,0.0,0.11504074,0.12338349,0.15228087,0.24201968,0.0,0.14650136,0.12900843,0.0,0.22028357,0.19684911
0.15758729,0.14844961,0.0,0.17570023,0.2202908,0.14438298,0.23392792,0.16618438,0.20951697,0.21375313,0.11513668,0.0
0.0,0.19802247,0.33302346,0.15709114,0.20834768,0.22347043,0.14879346,0.21831207,0.17623799,0.19856368,0.14309742,0.17866181
0.22985849,0.1680205,0.15467656,0.16853242,0.19329831,0.14756674,0.0,0.21240984,0.1654162,0.14074557,0.18087456,0.20153861
0.13292916,0.2324968,0.18156593,0.27490944,0.17602025,0.1546291,0.0,0.21183023,0.1838721,0.14270921,0.1829251,0.16615961
0.11628995,0.15163055,0.29017016,0.18511455,0.0,0.0,0.20379367,0.17277685,0.23962544,0.17059644,0.13075195,0.19282657
0.13574985,0.19526258,0.21174656,0.19862834,0.0,0.20993845,0.15492602,0.19566464,0.21271172,0.1588185,0.17489146,0.14078823
0.0,0.22621493,0.13266475,0.16412877,0.14389198,0.19260731,0.2077781,0.19560319,0.15890348,0.22238895,0.18175742,0.1832401
0.1742758,0.18714133,0.0,0.20637394,0.1401877,0.0,0.24553587,0.0,0.16693833,0.17940663,0.21580684,0.23181076
0.18956576,0.15055342,0.1461238,0.0,0.17841184,0.20458427,0.19162712,0.0,0.18023047,0.2011055,0.24987493,0.15474999
0.30578017,0.20030835,0.0,0.17246576,0.29996213,0.23276481,0.10745043,0.18587022,0.15270174,0.0,0.15802857,0.20769551
0.0,0.15181962,0.24051908,0.18718061,0.154208,0.15339553,0.1731563,0.14981675,0.16347277,0.26879913,0.13031855,0.20244783
0.17718786,0.17816228,0.13035588,0.14993748,0.16847284,0.0,0.20394644,0.20615743,0.22183117,0.14569709,0.0,0.142478
0.16348983,0.20404123,0.0,0.17830321,0.14950387,0.1910377,0.1847202,0.20742854,0.18490638,0.0,0.18621233,0.16899143
0.0,0.13808219,0.2066207,0.22309609,0.1801944,0.19915648,0.20711273,0.20239238,0.21206486,0.13127404,0.25529647,0.0
0.2066892,0.14972225,0.18240628,0.16273285,0.15496932,0.1300258,0.14910561,0.1905853,0.16874228,0.19588606,0.23867255,0.20103256
0.16435759,0.28928357,0.22273538,0.20986095,0.0,0.22001134,0.19306982,0.1547308,0.16009372,0.16775946,0.16595308,0.2094868
0.0,0.12154796,0.18877316,0.23234333,0.17606322,0.14018059,0.16329534,0.17113806,0.14895993,0.22092223,0.14143927,0.26108396
0.19240017,0.22083826,0.21395229,0.19481498,0.17563465,0.19001937,0.0,0.19384637,0.20975672,0.14056149,0.12995301,0.115586296
0.19466822,0.2390679,0.18916105,0.15196924,0.13946751,0.23742189,0.27132666,0.18945087,0.14864859,0.18522753,0.19075963,0.17895897
0.21221603,0.0,0.14763218,0.15808703,0.15103485,0.14616631,0.2448175,0.19698294,0.20712118,0.19276921,0.0,0.0
0.18573503,0.21173747,0.19092275,0.17060263,0.18816167,0.14877078,0.101952665,0.17115743,0.21166816,0.20960754,0.24396604,0.0
0.17239742,0.15202735,0.1806698,0.20329401,0.28074935,0.0,0.0,0.18853556,0.18495663,0.1620232,0.13357085,0.21692392
0.2376837,0.1253609,0.254759,0.2002052,0.17957567,0.138947,0.1940653,0.1909861,0.17390198,0.0,0.14643604,0.0
0.14996386,0.22328453,0.12964296,0.21275462,0.16724595,0.2363992,0.13596311,0.18193318,0.25776193,0.15938775,0.17207025,0.14821732
0.0,0.24206413,0.15877481,0.0,0.13238488,0.15299597,0.17524026,0.23551412,0.16685197,0.1925198,0.17466155,0.18841791
0.19248042,0.12708464,0.114286534,0.2034496,0.15913475,0.17435539,0.0,0.1844595,0.16976649,0.21361597,0.21498552,0.21298057
0.18297595,0.20337482,0.24083199,0.0,0.20015776,0.19767366,0.124210805,0.16089323,0.0,0.18168168,0.2194244,0.0
0.19608207,0.18994223,0.21281588,0.16870342,0.27261207,0.21073991,0.17691998,0.15732494,0.15178297,0.17472523,0.18353352,0.2182017
0.17275992,0.0,0.0,0.216993,0.14080736,0.13618429,0.20190507,0.14185406,0.18006173,0.29048613,0.16831328,0.0
0.14678448,0.22915854,0.2215431,0.17304343,0.0,0.0,0.0,0.15832487,0.0,0.0,0.15111361,0.15365496
0.24635585,0.20356031,0.15873776,0.17088282,0.18651494,0.20909205,0.16670947,0.27549353,0.18896784,0.21122709,0.17916076,0.17635518
0.18162066,0.12649435,0.19972377,0.0,0.14350592,0.18910107,0.21543033,0.20361443,0.19762944,0.16038743,0.23370995,0.1941464
0.19406554,0.17697075,0.17148553,0.14554568,0.18791997,0.0,0.0,0.0,0.14795133,0.15393451,0.17587827,0.122044414
0.16952479,0.23389165,0.17128058,0.20130388,0.254153,0.0,0.1458629,0.16581,0.2160728,0.15196525,0.0,0.20297077
0.18982537,0.2020389,0.20896658,0.0,0.18756805,0.18659925,0.17692637,0.14735319,0.1800843,0.0,0.11356862,0.2320841
0.17945476,0.17553796,0.16410749,0.16279711,0.20188276,0.15174417,0.19502348,0.16121994,0.17746618,0.14632206,0.15168718,0.13816914
0.22348599,0.0,0.14701414,0.1669285,0.19794859,0.18741298,0.17979918,0.2860112,0.16412759,0.253705,0.19660236,0.17880653
0.19208558,0.14162174,0.17896469,0.19957222,0.18524694,0.21557447,0.20504044,0.2066508,0.19302219,0.17183605,0.20736718,0.19989401
0.21066713,0.226721,0.16886877,0.14861178,0.17112826,0.119523905,0.14599764,0.17582503,0.23329365,0.14158754,0.26099598,0.13057218
0.115592346,0.1906057,0.24318951,0.20350331,0.16733652,0.0,0.20832409,0.13405104,0.16311722,0.23694797,0.1808898,0.2315852
0.17130798,0.16470926,0.14174381,0.13627347,0.20172869,0.23959874,0.16351542,0.18066628,0.0,0.17221558,0.2312517,0.0
0.1980002,0.18089871,0.19133598,0.22074682,0.14510407,0.16370828,0.22697034,0.14455672,0.22192825,0.17706978,0.0,0.16345255
0.20740886,0.25334486,0.16162063,0.24919833,0.2366524,0.18652467,0.15982227,0.15277824,0.0,0.255203,0.11494639,0.21858416
0.14485538,0.15770654,0.17070027,0.15285401,0.1878699,0.0,0.0,0.15619665,0.19013833,0.18454821,0.13721116,0.17382601
0.17039596,0.17588696,0.19857013,0.21474014,0.16267405,0.21956982,0.24146022,0.2201027,0.0,0.14221008,0.25424874,0.15739836
0.21914266,0.17856489,0.24714036,0.13729824,0.17708209,0.13281007,0.13346103,0.25681058,0.14846766,0.17986456,0.0,0.0
0.0,0.20211603,0.0,0.14465405,0.23099814,0.0,0.13523835,0.21517952,0.14214431,0.16323215,0.16722073,0.26191658
0.20204565,0.19735776,0.0,0.17145441,0.1356087,0.14890681,0.1906881,0.17069902,0.0,0.18335934,0.1830699,0.14997992
0.12863229,0.19361879,0.19254741,0.0,0.22122464,0.17769434,0.21973403,0.0,0.19127364,0.14864221,0.20330796,0.19401312
0.1515897,0.15897816,0.0,0.0,0.2156271,0.13042796,0.15699053,0.16332889,0.12889895,0.1845582,0.17801519,0.19305438
0.1789987,0.0,0.16924734,0.17801857,0.12938897,0.24112706,0.23225746,0.17184727,0.0,0.14813162,0.21144465,0.0
0.25263283,0.20386249,0.24014296,0.16712756,0.17826362,0.19152877,0.17620267,0.23238453,0.12915507,0.0,0.16805269,0.16702189
0.1905721,0.25705424,0.13407795,0.1509989,0.2436978,0.25278237,0.28537807,0.20728895,0.16899197,0.26278734,0.2117848,0.25969306
0.18629499,0.1929535,0.0,0.24130213,0.15948667,0.19110063,0.0,0.13681777,0.21118052,0.126011,0.20240477,0.16755064
0.0,0.0,0.18930176,0.22876522,0.16363285,0.0,0.13439482,0.19166361,0.18571606,0.20635675,0.15028155,0.20123413
0.17934455,0.14266285,0.0,0.13649583,0.20510691,0.0,0.1841637,0.16098522,0.0,0.18180633,0.1521465,0.1747693
0.14007968,0.15043624,0.23811272,0.17175528,0.17024752,0.18235618,0.0,0.0,0.22115412,0.15820198,0.21123888,0.15184699
0.19801733,0.2009245,0.24517746,0.18179381,0.16893937,0.12245906,0.13294469,0.25856107,0.16833498,0.17594779,0.18325467,0.15601708
0.25736228,0.21007225,0.23151502,0.1599248,0.16050002,0.26620948,0.19134077,0.24461451,0.14865372,0.1503781,0.2614083,0.25167435
0.0,0.2606563,0.16112763,0.19165978,0.15571426,0.16050136,0.17996524,0.0,0.23652607,0.16586956,0.1833954,0.16761684
0.18770519,0.12791517,0.0,0.23497687,0.19131124,0.1690386,0.18770044,0.18527651,0.21638715,0.16878101,0.1468331,0.14515452
0.1665328,0.13911572,0.15967189,0.17676298,0.19728762,0.18096487,0.16556765,0.14361978,0.0,0.20028482,0.15659134,0.1961073
0.16450444,0.19317204,0.2004217,0.17170645,0.17449136,0.17548996,0.19683169,0.0,0.20236869,0.17623302,0.19755234,0.19053194
0.18299735,0.18017967,0.21216027,0.17608036,0.23180671,0.15890683,0.18970546,0.21319683,0.14971602,0.2495646,0.0,0.0
0.23077065,0.272739,0.19209597,0.15903452,0.26174268,0.3080216,0.12522842,0.18369575,0.1595374,0.19517244,0.0,0.28041124
0.17248581,0.17120187,0.17544313,0.17160553,0.0,0.0,0.18730113,0.181495,0.22543572,0.18530118,0.16314568,0.14216751
0.18016426,0.18125135,0.0,0.28573492,0.19967392,0.13801813,0.15971456,0.17657267,0.16752538,0.15944646,0.0,0.16585748
0.13330571,0.14230584,0.16417576,0.13493384,0.21555948,0.13569397,0.16041675,0.17874144,0.14521578,0.15053059,0.0,0.19380343
0.0,0.1519419,0.2527459,0.1987454,0.14222209,0.18812379,0.26369268,0.0,0.2713338,0.18948086,0.202384,0.14161278
0.22824527,0.19167134,0.20624126,0.1610569,0.15950845,0.17943753,0.0,0.0,0.1420631,0.23117967,0.20362578,0.18725862
0.15871038,0.28382474,0.11286691,0.13138469,0.22761337,0.279357,0.0,0.0,0.12744758,0.2118111,0.17204769,0.24770969
0.2100293,0.15476227,0.16655302,0.19934733,0.191861,0.16041188,0.18550676,0.15613829,0.20915595,0.0,0.0,0.11969735
0.0,0.19011322,0.18680987,0.24203475,0.18379815,0.13421491,0.19040738,0.0,0.13761294,0.18082644,0.14829919,0.0
0.15538944,0.1540473,0.13924661,0.13152403,0.20022857,0.15281124,0.19891277,0.14095579,0.19761202,0.15621732,0.18499722,0.2070791
0.21508874,0.14426689,0.23548777,0.0,0.1685862,0.20799303,0.23486122,0.18467802,0.0,0.16115431,0.19640782,0.13367353
0.2455864,0.18409681,0.27014703,0.18374455,0.13902386,0.17632312,0.14375845,0.25400394,0.0,0.21686342,0.22747506,0.18988678
0.17612629,0.25917268,0.24752387,0.1333103,0.1829609,0.23232366,0.20324472,0.18445818,0.17299284,0.18484671,0.11893806,0.14722043
0.16652863,0.15005676,0.23131463,0.17123902,0.14837874,0.18604404,0.19890898,0.18832678,0.16911213,0.0,0.24093886,0.13073945
0.10808241,0.0,0.19126754,0.0,0.22285786,0.0,0.0,0.22032031,0.18009554,0.12873504,0.0,0.16362983
0.23038411,0.20937304,0.11849867,0.29227135,0.22456725,0.0,0.0,0.18565905,0.17207478,0.12736076,0.14776282,0.22576304
0.2071109,0.17753054,0.2006844,0.1999062,0.18764636,0.15125048,0.12676685,0.14616111,0.28141364,0.41477323,0.18635331,0.19280767
0.22287886,0.15939264,0.0,0.14507684,0.14470008,0.15655039,0.20780255,0.18618567,0.13542236,0.07261964,0.2847139,0.25095075
0.0,0.0,0.26055872,0.121356465,0.0,0.18356179,0.22463891,0.14734425,0.0,0.17673622,0.16399471,0.124646716
0.21635473,0.2257847,0.19739605,0.23612231,0.1975134,0.20341684,0.17081714,0.18499291,0.11954444,0.0,0.17769621,0.1325319
0.09959066,0.17418127,0.20072885,0.15673417,0.13960727,0.12123641,0.1387668,0.17708218,0.25069684,0.0,0.13891834,0.0
0.18104297,0.17740454,0.081244744,0.18951897,0.16742827,0.2330315,0.20372318,0.20090313,0.22826345,0.15705103,0.18175913,0.21863157
0.22146071,0.16980056,0.25637844,0.27112415,0.17088045,0.18002035,0.12025181,0.20495707,0.14310499,0.28021118,0.20133579,0.2106607
0.19432764,0.2038101,0.114804395,0.13625503,0.23881488,0.0,0.25291333,0.19583161,0.15948895,0.12010026,0.24740699,0.23484501
0.15930994,0.0,0.20185302,0.20307194,0.0,0.18486689,0.16287592,0.0,0.1894599,0.2874105,0.16746482,0.12520187
0.13846934,0.12612689,0.21205625,0.13916418,0.15712355,0.0,0.19268632,0.17126949,0.13050169,0.0,0.1912758,0.17859617
0.14697337,0.12675066,0.14740032,0.0,0.25722972,0.1553001,0.19776908,0.20617715,0.2190367,0.1420921,0.16246834,0.2087792
0.19539382,0.22947396,0.10415684,0.13154535,0.15824793,0.20820178,0.1817515,0.21545643,0.17054613,0.15441085,0.16415846,0.19314201
0.18285614,0.18257383,0.28635997,0.23477246,0.21110062,0.14364603,0.18083505,0.14547876,0.20618522,0.2267427,0.19091596,0.19205815
0.2881085,0.20576832,0.0,0.0,0.13495423,0.23150645,0.0,0.21865653,0.19538146,0.13339809,0.23482779,0.0
0.13002656,0.2108936,0.17219956,0.13083962,0.130925,0.15909773,0.24142641,0.18756741,0.21293959,0.17100541,0.1731319,0.12846528
0.23049028,0.0,0.20603634,0.0,0.112852015,0.22097297,0.21089466,0.17854096,0.13558358,0.16195811,0.17976812,0.1383971
0.24186364,0.14165889,0.19608356,0.1936173,0.22268513,0.12509301,0.12504883,0.18997437,0.205753,0.16013768,0.1495034,0.17179036
0.17820601,0.17784114,0.12994766,0.19547795,0.26919076,0.26250744,0.0,0.153892,0.15083602,0.19738363,0.20850335,0.1662319
0.18701038,0.21979922,0.28063944,0.0,0.18159895,0.15830913,0.16543412,0.18536738,0.2163759,0.0,0.20288715,0.23042099
0.14351426,0.17162701,0.12620467,0.15343975,0.19385931,0.18513092,0.0,0.21576904,0.18962292,0.121718526,0.19731726,0.2758056
0.14337575,0.17409238,0.21617359,0.13771962,0.16392517,0.19036718,0.17068954,0.14008413,0.18886644,0.18635532,0.0,0.0
0.21924594,0.18975942,0.0,0.20464653,0.18338935,0.21611819,0.14492865,0.18244538,0.0,0.16485828,0.21876708,0.14853519
0.13559183,0.15437686,0.21517639,0.19182786,0.18828812,0.10864901,0.0,0.18917999,0.2122888,0.19522758,0.17426467,0.20158386
0.17540674,0.19902204,0.10057879,0.19464053,0.17623764,0.2174348,0.19516356,0.1994434,0.24003588,0.17254008,0.16921514,0.22661111
0.23500197,0.17796034,0.23752688,0.29882357,0.19928087,0.1987747,0.15378955,0.228311,0.19697332,0.25731158,0.2002215,0.20924965
0.0,0.21590003,0.14268163,0.0,0.19999006,0.17976734,0.3183538,0.17164728,0.14598294,0.1348184,0.18810742,0.19793573
0.14084256,0.18985409,0.1825924,0.13373692,0.0,0.18360566,0.228761,0.17904033,0.1937009,0.23579657,0.1861328,0.10928784
0.18659031,0.1422566,0.14247505,0.2058749,0.21545821,0.178872,0.16565245,0.0,0.18689808,0.18784088,0.1677541,0.13642423
0.0,0.13454093,0.15693016,0.1810856,0.20486593,0.22095443,0.1568729,0.2364319,0.19065139,0.13876157,0.13097878,0.2533152
0.15941581,0.22057603,0.2703703,0.23371989,0.21260123,0.25663877,0.15054387,0.0,0.16411003,0.17015678,0.22348116,0.21489942
0.14417136,0.0,0.21122774,0.19460382,0.19805631,0.1545691,0.15482932,0.1482057,0.26291823,0.24731208,0.17217463,0.21628335
0.22496077,0.23044759,0.14751543,0.16209014,0.13512854,0.1164712,0.25445154,0.18134019,0.11283253,0.13124321,0.23058957,0.18090117
